,Buurtnaam,Buurtcode,age,house_type,edu,feeling_safe,nuisance,pop_density,offices,shops,facilities,horeca,creative,tourism,single_rate,water_perc,avg_income,home_value,perc_westers,perc_man,avg_pp_household,crime_index,party
0,Oosterdokseiland,3630400,1,2,2,1,1,0,1,0,0,1,0,1,1,2,1,1,1,1,0,1,GROENLINKS
1,Scheepvaarthuisbuurt,3630401,1,0,2,1,1,1,1,0,1,1,1,1,1,1,1,1,2,1,0,1,GROENLINKS
2,Lastage,3630403,2,0,2,1,1,1,1,1,1,1,1,1,1,1,1,1,2,1,0,1,GROENLINKS
3,Waterloopleinbuurt,3630408,2,0,2,1,1,1,1,1,1,1,1,1,1,1,1,1,2,1,0,1,GROENLINKS
4,Nieuwmarkt,3630404,2,0,2,1,1,2,1,1,1,1,1,1,1,1,1,1,2,1,0,1,GROENLINKS
5,Zuiderkerkbuurt,3630407,2,0,2,1,1,1,1,1,1,1,1,1,1,1,1,1,2,1,0,1,GROENLINKS
6,Uilenburg,3630405,2,0,2,1,1,1,1,1,1,1,1,1,1,1,1,1,1,1,0,1,GROENLINKS
7,Valkenburg,3630406,2,0,2,1,1,1,1,0,1,1,1,1,1,1,1,1,2,1,0,1,GROENLINKS
8,Rapenburg,3630402,1,0,2,1,1,1,1,0,1,1,1,1,2,1,1,1,2,1,0,1,GROENLINKS
9,Kadijken,3630908,2,0,2,1,1,1,1,1,1,1,2,1,1,1,1,1,2,1,0,1,GROENLINKS
10,Kazernebuurt,3630907,2,0,2,1,1,1,1,0,1,0,1,0,1,1,1,1,1,1,0,1,GROENLINKS
11,Het Funen,3630905,2,2,2,1,1,1,1,0,1,0,1,0,1,1,1,1,1,1,1,1,GROENLINKS
12,Czaar Peterbuurt,3630904,1,0,2,1,1,1,1,1,1,1,1,1,1,0,1,1,1,1,0,1,GROENLINKS
13,Wittenburg,3630902,2,0,2,1,1,1,1,1,1,0,1,1,1,1,1,1,1,1,0,1,GROENLINKS
14,Oostenburg,3630903,2,0,2,1,1,1,1,0,1,1,1,1,1,1,1,1,1,1,0,1,GROENLINKS
15,Kattenburg,3630901,2,0,2,1,1,1,0,0,1,0,1,0,1,1,1,1,1,1,0,1,GROENLINKS
16,Marine-Etablissement,3630900,2,0,2,1,1,0,0,1,0,0,0,0,2,1,1,1,1,1,0,1,GROENLINKS
17,Stationsplein e.o.,3630100,2,0,2,1,2,1,0,1,0,1,0,1,2,1,1,1,2,0,0,2,GROENLINKS
18,Nieuwe Kerk e.o.,3630104,1,0,2,1,2,1,1,2,1,2,1,2,2,0,1,1,2,1,0,2,GROENLINKS
19,Nieuwendijk Noord,3630102,1,0,2,1,2,1,1,1,0,1,1,1,2,1,1,1,2,1,0,2,GROENLINKS
20,Begijnhofbuurt,3630106,1,0,2,1,2,1,1,2,1,1,0,1,2,0,1,1,2,0,0,2,GROENLINKS
21,Kalverdriehoek,3630107,1,0,2,1,2,0,0,1,0,1,0,1,2,1,1,1,2,1,0,2,GROENLINKS
22,Hemelrijk,3630101,1,0,2,1,2,1,1,1,0,1,1,1,2,1,1,1,2,1,0,2,GROENLINKS
23,Spuistraat Zuid,3630105,1,0,2,1,2,1,1,1,1,1,1,1,2,1,1,1,2,1,0,2,GROENLINKS
24,Spuistraat Noord,3630103,1,0,2,1,2,1,1,1,1,1,1,1,2,1,1,1,2,1,0,2,GROENLINKS
25,Kop Zeedijk,3630000,1,0,2,2,2,1,1,1,1,2,1,2,2,1,1,1,2,1,0,2,GROENLINKS
26,Burgwallen Oost,3630002,1,0,2,2,2,2,1,1,1,2,1,2,2,1,1,1,2,1,0,2,GROENLINKS
27,BG-terrein e.o.,3630004,1,0,2,2,2,1,1,1,1,1,1,1,2,1,1,1,2,1,0,2,GROENLINKS
28,Nes e.o.,3630003,1,0,2,2,2,1,1,1,1,1,1,1,2,0,1,1,2,1,0,2,GROENLINKS
29,Oude Kerk e.o.,3630001,1,0,2,2,2,1,1,1,1,2,1,2,2,0,1,1,2,1,0,2,GROENLINKS
30,Westerdokseiland,3630500,2,2,2,1,1,1,1,0,1,1,1,1,1,2,1,1,1,1,0,1,GROENLINKS
31,Haarlemmerbuurt Oost,3630501,2,0,2,1,1,1,1,1,1,1,1,1,1,1,1,1,2,1,0,1,GROENLINKS
32,Westelijke eilanden,3630503,2,0,2,1,1,1,1,1,1,1,1,1,1,1,1,1,2,1,0,1,GROENLINKS
33,Haarlemmerbuurt West,3630502,2,0,2,1,1,1,1,1,1,1,1,1,1,1,1,1,1,1,0,1,GROENLINKS
34,Planciusbuurt Zuid,3630506,2,0,2,1,1,1,0,0,0,0,0,0,1,0,1,1,1,1,0,1,GROENLINKS
35,Planciusbuurt Noord,3630505,1,0,2,1,1,1,0,0,0,0,0,0,2,2,1,1,2,1,0,1,GROENLINKS
36,Coenhaven/Mercuriushaven,3631000,2,1,2,1,1,0,1,1,0,1,1,1,2,2,0,1,1,1,0,1,D66
37,Alfa-driehoek,3631001,1,1,2,1,1,0,1,0,0,0,0,0,2,0,0,1,1,2,0,1,D66
38,Petroleumhaven,3631002,2,1,2,1,1,0,0,0,0,0,0,0,2,1,0,1,1,0,0,1,D66
39,Vervoerscentrum,3631004,2,1,2,1,1,0,0,0,0,0,0,0,2,0,0,1,0,0,2,1,D66
40,Westhaven Noord,3631003,2,1,2,1,1,0,1,0,0,0,0,0,0,1,0,1,0,1,1,1,D66
41,Westhaven Zuid,3631007,1,1,2,1,1,0,0,0,0,0,0,0,1,1,0,1,1,0,0,1,D66
42,Amerikahaven,3631005,2,1,2,1,1,0,0,0,0,0,0,0,2,1,0,1,2,2,0,1,D66
43,Afrikahaven,3631006,2,1,2,1,1,2,0,0,0,0,0,0,2,1,0,1,2,0,1,1,D66
44,Houthavens Oost,3631201,2,1,2,1,1,2,1,0,0,0,1,0,1,2,0,1,2,1,0,1,GROENLINKS
45,Houthavens West,3631200,1,2,2,1,1,0,0,0,0,1,0,0,1,2,0,1,2,1,0,1,GROENLINKS
46,Zeeheldenbuurt,3631300,1,0,2,1,1,1,1,0,1,1,1,1,1,1,1,1,1,1,0,1,GROENLINKS
47,Spaarndammerbuurt Zuidoost,3631302,2,0,2,1,1,1,0,0,1,0,1,0,1,1,1,1,1,1,0,1,GROENLINKS
48,Spaarndammerbuurt Noordoost,3631301,2,0,2,1,1,2,1,1,1,1,1,1,1,1,1,1,0,1,0,1,GROENLINKS
49,Spaarndammerbuurt Zuidwest,3631303,2,0,2,1,1,1,1,1,1,1,1,1,1,0,1,1,1,1,0,1,GROENLINKS
50,Spaarndammerbuurt Noordwest,3631305,1,0,2,1,1,1,1,0,1,0,1,1,1,0,1,1,0,1,0,1,GROENLINKS
51,Spaarndammerbuurt Midden,3631304,1,0,2,1,1,1,1,0,1,1,1,1,1,0,1,1,1,1,0,1,GROENLINKS
52,Westergasfabriek,3631306,2,2,2,1,1,0,0,0,0,1,0,0,2,0,1,1,1,0,0,1,GROENLINKS
53,Overbraker Binnenpolder,3631307,2,2,2,1,1,0,0,0,0,1,0,0,2,0,1,1,2,0,0,1,GROENLINKS
54,Woon- en Groengebied Sloterdijk,3633600,1,2,2,1,1,0,0,0,0,1,0,0,2,0,1,1,2,1,0,1,GROENLINKS
55,Bedrijventerrein Sloterdijk I,3633601,2,0,2,1,1,0,1,0,1,1,1,0,2,0,1,1,1,2,0,1,GROENLINKS
56,Langestraat e.o.,3630200,2,0,2,0,1,1,2,1,1,1,1,1,1,1,2,1,2,1,0,1,D66
57,Leliegracht e.o.,3630201,2,0,2,0,1,1,2,1,1,1,1,1,1,1,2,1,2,1,0,1,D66
58,Felix Meritisbuurt,3630202,2,0,2,0,1,1,2,2,1,2,2,2,1,1,2,1,2,1,0,1,D66
59,Leidsegracht Noord,3630203,2,0,2,0,1,1,1,1,1,1,1,1,1,1,2,1,2,1,0,1,D66
60,Anjeliersbuurt Noord,3630610,2,0,2,0,1,1,1,1,1,1,1,1,1,0,1,1,2,1,0,1,GROENLINKS
61,Anjeliersbuurt Zuid,3630611,2,0,2,0,1,2,1,1,1,1,1,1,1,1,1,1,2,1,0,1,GROENLINKS
62,Bloemgrachtbuurt,3630602,2,0,2,0,1,2,1,1,1,1,1,1,1,1,1,1,2,1,0,1,GROENLINKS
63,Driehoekbuurt,3630600,2,0,2,0,1,2,1,1,1,1,1,1,1,1,1,1,2,1,0,1,GROENLINKS
64,Marnixbuurt Noord,3630603,2,0,2,0,1,2,1,1,1,0,1,1,1,1,1,1,1,1,0,1,GROENLINKS
65,Zaagpoortbuurt,3630604,1,0,2,0,1,2,0,0,1,0,1,1,2,0,1,1,1,1,0,1,GROENLINKS
66,Passeerdersgrachtbuurt,3630607,2,0,2,0,1,1,1,1,1,1,1,1,1,1,1,1,2,1,0,1,GROENLINKS
67,Marnixbuurt Zuid,3630609,2,0,2,0,1,1,0,0,1,0,0,0,1,1,1,1,2,1,0,1,GROENLINKS
68,Elandsgrachtbuurt,3630606,2,0,2,0,1,1,2,2,2,1,2,2,1,1,1,1,2,1,0,1,GROENLINKS
69,Groenmarktkadebuurt,3630608,1,0,2,0,1,0,0,0,0,0,0,0,2,1,1,1,2,1,0,1,GROENLINKS
70,Marnixbuurt Midden,3630605,1,0,2,0,1,1,0,0,0,0,0,0,2,2,1,1,1,1,0,1,GROENLINKS
71,Reguliersbuurt,3630305,1,0,2,1,2,1,1,1,0,2,0,2,2,1,2,1,2,1,0,2,D66
72,Rembrandtpleinbuurt,3630304,1,0,2,1,2,1,1,1,0,2,1,2,2,1,2,1,2,1,0,2,D66
73,Amstelveldbuurt,3630303,2,0,2,1,2,1,1,1,1,1,1,1,1,1,2,1,2,1,0,2,D66
74,Leidsegracht Zuid,3630306,2,0,2,1,2,1,1,1,1,1,1,1,1,1,2,1,2,1,0,2,D66
75,Gouden Bocht,3630301,2,0,2,1,2,0,1,1,0,1,0,1,1,1,2,1,2,1,0,2,D66
76,Van Loonbuurt,3630302,2,0,2,1,2,1,1,1,1,1,1,1,1,1,2,1,2,1,0,2,D66
77,Spiegelbuurt,3630300,1,0,2,1,2,1,1,1,1,1,1,1,1,1,2,1,2,1,0,2,D66
78,Utrechtsebuurt Zuid,3630706,2,0,2,0,1,1,1,1,1,1,1,1,1,1,1,1,2,1,0,2,D66
79,Frederikspleinbuurt,3630707,2,0,2,0,1,1,1,0,1,1,1,1,1,1,1,1,2,1,0,2,D66
80,Weteringbuurt,3630704,1,0,2,0,1,1,1,1,1,1,1,1,1,1,1,1,2,1,0,2,D66
81,Den Texbuurt,3630705,2,0,2,0,1,1,1,1,1,1,1,1,1,1,1,1,2,1,0,2,D66
82,Leidsebuurt Noordoost,3630702,1,0,2,0,1,1,1,1,1,2,1,2,2,1,1,1,2,1,0,2,D66
83,Leidsebuurt Noordwest,3630700,1,0,2,0,1,1,0,0,0,1,0,1,2,0,1,1,2,1,0,2,D66
84,Leidsebuurt Zuidoost,3630703,2,0,2,0,1,1,1,0,0,1,0,1,1,1,1,1,1,1,0,2,D66
85,Leidsebuurt Zuidwest,3630701,1,0,2,0,1,1,0,0,0,1,0,1,2,1,1,1,2,1,0,2,D66
86,Sarphatistrook,3630801,1,0,2,0,1,1,1,1,1,1,1,1,2,1,1,1,1,1,0,1,GROENLINKS
87,Alexanderplein e.o.,3630804,1,0,2,0,1,1,0,0,0,0,1,0,2,1,1,1,2,1,0,1,GROENLINKS
88,Plantage,3630803,2,0,2,0,1,1,0,0,0,0,1,0,1,1,1,1,2,1,0,1,GROENLINKS
89,Weesperbuurt,3630800,2,0,2,0,1,1,1,0,1,1,1,1,1,1,1,1,2,1,0,1,GROENLINKS
90,Bedrijvengebied Zeeburgerkade,3633310,2,2,2,0,1,0,1,0,0,0,1,0,1,2,1,1,2,1,0,1,GROENLINKS
91,Bedrijvengebied Cruquiusweg,3633309,1,2,2,0,1,0,1,0,0,0,0,0,2,1,1,1,0,2,0,1,GROENLINKS
92,Bedrijvengebied Veelaan,3633308,2,0,2,0,1,0,0,0,0,1,0,0,1,1,1,1,2,1,0,1,GROENLINKS
93,Entrepot-Noordwest,3633306,2,0,2,0,1,1,1,0,1,0,1,0,1,1,1,1,1,1,0,1,GROENLINKS
94,Architectenbuurt,3633307,2,0,2,0,1,1,1,0,1,0,1,1,1,1,1,1,1,1,0,1,GROENLINKS
95,Borneo,3633305,2,1,2,0,1,2,1,0,1,1,1,1,1,2,1,1,1,1,1,1,GROENLINKS
96,Sporenburg,3633304,2,1,2,0,1,1,1,0,1,1,1,1,1,2,1,1,1,1,1,1,GROENLINKS
97,Rietlanden,3633301,2,2,2,0,1,1,1,1,1,1,1,1,1,1,1,1,1,1,0,1,GROENLINKS
98,Java-eiland,3633302,2,0,2,0,1,1,1,0,1,1,1,1,1,2,1,1,1,1,0,1,GROENLINKS
99,KNSM-eiland,3633303,2,0,2,0,1,1,1,1,1,1,1,1,1,2,1,1,1,1,0,1,GROENLINKS
100,Oostelijke Handelskade,3633300,1,2,2,0,1,1,1,0,1,1,1,1,1,1,1,1,1,1,0,1,GROENLINKS
101,Vogelbuurt Zuid,3636101,1,0,2,1,1,1,1,1,1,1,1,1,1,1,0,1,0,1,1,1,GROENLINKS
102,IJplein e.o.,3636100,2,0,2,1,1,1,1,0,1,1,1,1,1,1,0,1,0,1,0,1,GROENLINKS
103,Vliegenbos,3636103,2,2,2,1,1,0,0,0,0,0,0,0,1,0,0,1,2,1,1,1,GROENLINKS
104,Vogelbuurt Noord,3636102,1,0,2,1,1,0,0,1,1,0,1,0,1,1,0,1,0,1,0,1,GROENLINKS
105,Bedrijventerrein Hamerstraat,3637200,1,2,2,1,1,0,1,1,1,1,1,1,2,1,0,0,2,1,0,1,GROENLINKS
106,Zamenhofstraat e.o.,3637201,1,0,2,1,1,0,1,0,1,0,1,0,2,1,0,1,0,1,0,1,GROENLINKS
107,Bedrijventerrein Nieuwendammerdijk,3637202,2,0,2,1,1,0,0,0,0,0,0,0,2,2,0,1,0,1,0,1,GROENLINKS
108,Nieuwendammmerdijk West,3636402,2,0,2,1,1,1,0,0,0,0,0,0,1,1,1,1,2,1,1,0,PVV
109,Nieuwendammerdijk Oost,3636403,2,0,2,1,1,0,0,0,0,0,0,0,1,1,1,1,2,1,1,0,PVV
110,Nieuwendammerdijk Zuid,3636404,2,0,2,1,1,0,0,0,0,0,0,0,2,1,1,1,0,0,1,0,PVV
111,Buiksloterdijk Oost,3636401,2,0,2,1,1,0,0,0,0,0,0,0,1,0,1,1,1,1,1,0,PVV
112,Buiksloterdijk West,3636400,2,0,2,1,1,1,0,0,0,0,0,0,1,0,1,1,1,1,1,0,PVV
113,Buikslotermeer Noord,3636912,2,0,1,1,0,0,1,0,1,0,1,1,1,0,0,1,1,1,0,0,GROENLINKS
114,Buikslotermeerplein,3636909,2,0,1,1,0,0,0,1,0,1,0,1,0,0,0,1,1,1,0,0,GROENLINKS
115,De Kleine Wereld,3636911,2,0,1,1,0,1,0,0,0,0,0,1,1,0,0,0,0,1,1,0,GROENLINKS
116,Plan van Gool,3636910,2,0,1,1,0,1,1,0,1,0,1,1,1,0,0,0,0,1,1,0,GROENLINKS
117,Rode Kruisbuurt,3636900,2,0,1,1,0,0,0,0,0,0,0,0,0,0,0,1,1,1,1,0,GROENLINKS
118,Loenermark,3636902,2,0,1,1,0,1,0,0,0,0,0,1,1,1,0,0,0,1,0,0,GROENLINKS
119,Elzenhagen Noord,3637402,2,1,2,1,0,0,1,0,1,0,1,1,1,1,1,1,0,1,1,1,D66
120,Elzenhagen Zuid,3637401,1,2,2,1,0,0,0,0,0,0,0,0,1,0,1,1,0,1,0,1,D66
121,Nintemanterrein,3637400,2,0,2,1,0,0,0,0,0,0,0,0,0,0,1,1,2,1,1,1,D66
122,Tuindorp Nieuwendam West,3636200,2,0,1,1,1,1,0,0,0,0,0,0,0,1,0,1,1,1,0,0,PVV
123,Tuindorp Nieuwendam Oost,3636201,2,0,1,1,1,1,1,1,1,0,1,1,1,1,0,1,1,1,0,0,PVV
124,Schellingwoude West,3637300,2,0,2,0,0,0,0,0,0,0,0,0,2,1,1,1,1,1,0,1,VVD
125,Schellingwoude Oost,3637301,2,0,2,0,0,0,0,0,0,0,0,0,1,0,1,1,2,1,1,1,VVD
126,Schellingwoude Noord,3637302,2,0,2,0,0,0,1,0,0,0,0,0,2,0,1,1,2,0,2,1,VVD
127,Zwarte Gouw,3637304,2,0,2,0,0,0,1,0,0,0,0,0,2,0,1,1,0,1,2,1,VVD
128,Durgerdam,3637303,2,0,2,0,0,0,1,0,0,0,0,0,0,1,1,1,2,1,1,1,VVD
129,Zunderdorp,3637307,2,0,2,0,0,0,0,0,0,0,0,0,1,0,1,1,2,1,1,1,VVD
130,Noorderstrook West,3637308,2,0,2,0,0,0,0,0,0,0,0,0,1,1,1,1,2,0,0,1,VVD
131,Noorderstrook Oost,3637309,2,0,2,0,0,0,0,0,0,0,0,0,2,1,1,1,2,2,0,1,VVD
132,Holysloot,3637306,2,0,2,0,0,0,0,0,0,0,0,0,0,1,1,1,2,1,1,1,VVD
133,Ransdorp,3637305,2,0,2,0,0,0,0,0,0,0,0,0,0,1,1,1,2,1,1,1,VVD
134,Baanakkerspark Zuid,3636801,2,0,2,1,1,0,0,0,0,1,0,0,0,1,0,1,1,1,0,1,DENK
135,Baanakkerspark Noord,3636800,2,0,2,1,1,0,0,0,0,1,0,0,1,1,0,0,1,1,0,1,DENK
136,Werengouw Midden,3636802,2,0,2,1,1,1,1,1,1,1,1,1,1,0,0,0,0,1,0,1,DENK
137,Markengouw Midden,3636803,2,0,2,1,1,1,1,0,1,0,1,1,1,0,0,1,0,1,1,1,DENK
138,Markengouw Zuid,3636804,2,0,2,1,1,1,0,0,0,0,0,1,1,0,0,0,0,1,1,1,DENK
139,Werengouw Zuid,3636805,2,0,2,1,1,1,0,0,0,0,0,1,1,1,0,1,0,1,1,1,DENK
140,Blauwe Zand,3636300,2,0,2,1,1,1,0,0,1,0,0,0,1,0,0,1,1,1,1,0,PVV
141,Van der Pekbuurt,3636000,1,0,2,1,1,1,1,1,1,1,1,1,1,1,0,0,0,1,0,1,GROENLINKS
142,Bloemenbuurt Zuid,3636001,2,0,2,1,1,1,1,1,1,1,1,1,1,0,0,1,0,1,1,1,GROENLINKS
143,Bloemenbuurt Noord,3636002,2,0,2,1,1,1,1,0,1,0,1,1,1,0,0,0,1,1,0,1,GROENLINKS
144,Buiksloterham,3637106,2,2,2,2,1,0,1,1,1,0,1,0,2,1,1,1,1,1,1,1,GROENLINKS
145,Overhoeks,3637107,1,2,2,2,1,0,1,0,1,1,1,1,1,1,1,1,1,1,0,1,GROENLINKS
146,Papaverweg e.o.,3637102,1,2,2,2,1,0,1,1,1,1,1,1,1,1,1,1,2,1,1,1,GROENLINKS
147,Cornelis Douwesterrein,3637104,2,2,2,2,1,0,1,0,0,0,0,0,2,1,1,0,2,1,0,1,GROENLINKS
148,NDSM terrein,3637105,2,2,2,2,1,0,1,0,1,1,1,1,2,2,1,0,1,1,0,1,GROENLINKS
149,Oostzanerdijk,3636601,2,0,1,1,1,0,0,0,1,1,0,1,1,0,1,1,2,1,1,1,PVV
150,Circus/Kermisbuurt,3636606,2,0,1,1,1,1,0,0,0,0,0,0,1,0,1,1,0,1,1,1,PVV
151,Molenwijk,3636605,2,0,1,1,1,1,0,1,1,0,0,1,1,0,1,0,0,1,1,1,PVV
152,Walvisbuurt,3636602,2,0,1,1,1,0,0,0,0,0,0,0,1,0,1,1,0,1,1,1,PVV
153,Twiske West,3636603,2,0,1,1,1,1,1,0,1,0,1,1,1,1,1,1,1,1,1,1,PVV
154,Noorder IJplas,3636604,2,0,1,1,1,0,0,0,0,0,0,0,0,1,1,1,2,1,1,1,PVV
155,Tuindorp Oostzaan West,3636500,2,0,1,1,1,1,0,0,0,0,0,0,0,0,0,1,0,1,1,0,PVV
156,Terrasdorp,3636502,2,0,1,1,1,1,1,0,1,0,1,1,1,1,0,0,0,1,0,0,PVV
157,Tuindorp Oostzaan Oost,3636501,2,0,1,1,1,1,0,1,1,1,1,1,1,0,0,1,1,1,1,0,PVV
158,De Bongerd,3636503,2,2,1,1,1,1,1,0,1,0,1,1,1,1,0,1,0,1,2,0,PVV
159,Banne Zuidwest,3637000,2,0,2,1,1,1,0,0,1,0,1,1,1,1,0,1,0,1,1,1,PVV
160,Banne Zuidoost,3637001,2,0,2,1,1,1,1,1,1,0,1,1,1,0,0,1,0,1,1,1,PVV
161,Marjoleinterrein,3637005,2,0,2,1,1,1,0,0,0,0,0,0,1,0,0,1,0,1,1,1,PVV
162,Banne Noordwest,3637002,2,0,2,1,1,1,0,0,1,0,0,1,1,1,0,0,0,1,1,1,PVV
163,Banne Noordoost,3637003,2,0,2,1,1,1,0,0,1,0,0,1,1,1,0,1,0,1,1,1,PVV
164,Buiksloterbreek,3637004,2,0,2,1,1,0,0,0,0,0,0,0,0,1,0,1,2,1,1,1,PVV
165,Kadoelen,3636700,2,0,1,1,1,0,1,0,1,1,1,1,1,1,1,1,1,1,1,1,VVD
166,Twiske Oost,3636701,2,0,1,1,1,1,0,0,0,0,0,0,0,0,1,1,0,1,1,1,VVD
167,Bretten Oost,3631107,2,2,2,2,1,0,0,0,0,0,0,0,2,1,1,1,0,1,1,1,D66
168,Sloterdijk II,3631100,1,2,2,2,1,0,1,0,0,0,0,0,2,0,1,1,1,1,0,1,D66
169,Teleport,3631105,2,2,2,2,1,0,1,1,0,1,1,1,2,0,1,1,1,2,0,1,D66
170,Sloterdijk III Oost,3631102,2,2,2,2,1,0,0,1,0,0,0,0,2,0,1,1,1,2,0,1,D66
171,Sloterdijk III West,3631103,2,2,2,2,1,0,1,1,0,1,0,0,2,0,1,1,1,2,0,1,D66
172,Bretten West,3631109,2,0,2,2,1,0,0,0,0,1,0,0,1,1,1,1,1,1,0,1,D66
173,De Heining,3631104,2,0,2,2,1,0,0,0,0,1,0,0,1,1,1,1,1,1,0,1,D66
174,Staatsliedenbuurt Noordoost,3631402,2,0,2,0,1,1,0,0,1,1,1,0,1,1,1,1,1,1,0,1,GROENLINKS
175,Fannius Scholtenbuurt,3631403,1,0,2,0,1,2,1,1,1,1,1,1,2,1,1,1,1,1,0,1,GROENLINKS
176,Westerstaatsman,3631404,1,0,2,0,1,2,1,1,1,1,1,1,2,0,1,1,1,1,0,1,GROENLINKS
177,Buyskade e.o.,3631405,1,0,2,0,1,2,1,1,1,1,1,1,1,1,1,1,1,1,0,1,GROENLINKS
178,De Wittenbuurt Noord,3631400,1,0,2,0,1,1,1,0,1,1,1,1,1,1,1,1,1,1,0,1,GROENLINKS
179,De Wittenbuurt Zuid,3631401,2,0,2,0,1,2,0,0,1,1,1,0,1,1,1,1,1,1,0,1,GROENLINKS
180,Ecowijk,3631500,2,0,2,1,1,1,1,0,1,0,1,0,1,0,1,1,1,1,1,1,GROENLINKS
181,Bedrijvencentrum Westerkwartier,3631502,2,0,2,1,1,0,0,1,0,0,0,0,1,1,1,1,2,1,1,1,GROENLINKS
182,Markthallen,3631501,2,0,2,1,1,0,0,0,0,0,0,0,0,1,1,1,2,1,1,1,GROENLINKS
183,Marcanti,3631503,2,0,2,1,1,1,0,0,0,0,0,1,1,1,1,1,1,1,0,1,GROENLINKS
184,Bedrijventerrein Landlust,3633700,1,0,2,1,1,0,1,0,1,0,1,0,2,1,0,1,1,1,0,1,GROENLINKS
185,Erasmusparkbuurt Oost,3633704,1,0,2,1,1,2,1,1,1,0,1,1,1,1,0,1,1,1,1,1,GROENLINKS
186,Gibraltarbuurt,3633705,1,0,2,1,1,1,1,1,1,1,1,1,1,0,0,1,0,1,0,1,GROENLINKS
187,Landlust Noord,3633706,1,0,2,1,1,1,1,1,1,1,1,1,1,0,0,1,0,1,0,1,GROENLINKS
188,Bosleeuw,3633702,1,0,2,1,1,1,1,1,1,1,1,1,1,0,0,1,0,1,1,1,GROENLINKS
189,Landlust Zuid,3633703,1,0,2,1,1,1,1,1,1,1,1,1,1,1,0,1,0,1,0,1,GROENLINKS
190,Frederik Hendrikbuurt Noord,3631600,1,0,2,1,1,1,1,1,2,1,2,1,1,1,1,1,1,1,0,1,GROENLINKS
191,Frederik Hendrikbuurt Zuidoost,3631601,1,0,2,1,1,2,1,1,1,1,1,1,2,1,1,1,1,1,0,1,GROENLINKS
192,Frederik Hendrikbuurt Zuidwest,3631602,2,0,2,1,1,1,1,0,1,1,1,1,1,1,1,1,1,1,0,1,GROENLINKS
193,Da Costabuurt Noord,3631700,1,0,2,0,1,1,1,1,2,1,2,1,1,1,1,1,2,1,0,1,GROENLINKS
194,Bellamybuurt Noord,3631800,1,0,2,1,1,2,1,1,1,1,1,1,2,1,1,1,1,1,0,1,GROENLINKS
195,Bellamybuurt Zuid,3631801,1,0,2,1,1,2,1,1,1,1,1,1,2,1,1,1,1,1,0,1,GROENLINKS
196,Borgerbuurt,3631901,2,0,2,1,1,2,1,1,1,0,1,1,1,1,1,1,0,1,0,1,GROENLINKS
197,Da Costabuurt Zuid,3631900,1,0,2,1,1,2,1,1,1,1,1,1,2,1,1,1,2,1,0,1,GROENLINKS
198,Lootsbuurt,3631902,1,0,2,1,1,2,1,1,1,1,1,1,2,1,1,1,1,1,0,1,GROENLINKS
199,Helmersbuurt Oost,3632000,1,0,2,1,1,2,1,1,1,1,1,1,1,1,1,1,2,1,0,1,D66
200,WG-terrein,3632001,2,0,2,1,1,1,1,1,2,1,2,1,1,0,1,1,1,1,0,1,D66
201,Cremerbuurt Oost,3632002,1,0,2,1,1,2,1,1,1,1,1,1,2,0,1,1,2,1,0,1,D66
202,Vondelparkbuurt Oost,3632200,2,0,2,0,0,1,1,1,1,1,1,1,1,0,2,1,2,1,0,0,D66
203,Vondelparkbuurt Midden,3632201,2,0,2,0,0,1,1,1,1,1,1,0,1,0,2,1,2,1,0,0,D66
204,Cremerbuurt West,3632100,1,0,2,1,1,2,2,1,2,1,2,1,2,0,1,1,2,1,0,1,D66
205,Vondelparkbuurt West,3632101,1,0,2,1,1,1,1,1,1,1,1,1,1,0,1,1,2,1,0,1,D66
206,Robert Scottbuurt West,3633900,1,0,2,2,1,1,1,0,1,0,1,1,1,1,0,0,0,1,0,1,DENK
207,Kolenkitbuurt Noord,3633903,2,0,2,2,1,1,1,0,1,0,1,1,1,0,0,1,0,1,1,1,DENK
208,Kolenkitbuurt Zuid,3633902,1,1,2,2,1,1,0,0,1,0,1,1,1,1,0,1,0,1,1,1,DENK
209,Laan van Spartaan,3633901,1,2,2,2,1,1,0,0,1,0,0,1,2,1,0,1,0,1,0,1,DENK
210,Erasmusparkbuurt West,3633802,1,0,2,1,1,1,1,1,2,1,1,1,1,1,1,1,1,1,0,1,GROENLINKS
211,Robert Scottbuurt Oost,3633803,1,0,2,1,1,2,1,1,1,1,1,0,1,0,1,1,0,1,0,1,GROENLINKS
212,Mercatorpark,3634103,1,0,2,1,1,1,0,0,0,0,0,0,2,0,0,1,0,2,0,1,GROENLINKS
213,John Franklinbuurt,3634100,1,0,2,1,1,2,1,1,1,1,1,1,2,0,0,1,1,1,0,1,GROENLINKS
214,Jan Maijenbuurt,3634101,1,0,2,1,1,2,1,1,1,1,1,1,1,0,0,1,0,1,0,1,GROENLINKS
215,Orteliusbuurt Noord,3634102,1,0,2,1,1,2,0,0,1,0,1,0,1,0,0,1,0,1,0,1,GROENLINKS
216,Geuzenhofbuurt,3634000,1,0,2,1,1,1,1,0,1,1,1,1,2,1,1,1,2,1,0,1,GROENLINKS
217,Trompbuurt,3634001,1,0,2,1,1,2,1,1,1,1,1,1,2,0,1,1,1,1,0,1,GROENLINKS
218,Pieter van der Doesbuurt,3634002,1,0,2,1,1,2,1,1,1,1,1,1,1,0,1,1,1,1,0,1,GROENLINKS
219,Orteliusbuurt Zuid,3634203,1,0,2,1,1,2,1,1,1,1,1,1,1,1,1,1,1,1,0,1,GROENLINKS
220,Orteliusbuurt Midden,3634202,1,0,2,1,1,2,1,1,1,0,1,1,1,0,1,1,1,1,0,1,GROENLINKS
221,Balboaplein e.o.,3634200,1,0,2,1,1,2,1,1,1,1,1,1,1,0,1,1,0,1,0,1,GROENLINKS
222,Columbusplein e.o.,3634201,1,0,2,1,1,2,1,1,1,1,1,1,1,1,1,1,0,1,0,1,GROENLINKS
223,Kortenaerkwartier,3637500,1,0,2,0,1,1,1,1,1,1,1,1,1,0,1,1,1,1,0,0,GROENLINKS
224,Filips van Almondekwartier,3637501,1,0,2,0,1,2,1,0,1,1,1,1,2,0,1,1,1,1,0,0,GROENLINKS
225,Van Brakelkwartier,3637503,1,0,2,0,1,2,0,0,0,0,1,0,1,1,1,1,0,1,1,0,GROENLINKS
226,De Wester Quartier,3637502,1,0,2,0,1,2,1,0,1,0,1,1,1,1,1,1,0,1,0,0,GROENLINKS
227,Rembrandtpark Noord,3638602,1,0,1,1,1,0,0,0,0,0,0,0,2,1,0,1,2,1,0,1,DENK
228,Rembrandtpark Zuid,3638603,1,0,1,1,1,0,1,0,0,0,1,0,2,1,0,1,2,1,0,1,DENK
229,Overtoomse Veld Noord,3638600,2,1,1,1,1,1,1,1,1,1,1,1,1,0,0,1,0,1,1,1,DENK
230,Lucas/Andreasziekenhuis e.o.,3638605,2,1,1,1,1,0,0,0,0,0,0,0,2,0,0,0,2,1,0,1,DENK
231,Overtoomse Veld Zuid,3638601,1,1,1,1,1,1,1,1,1,1,1,1,1,0,0,0,0,1,0,1,DENK
232,Johan Jongkindbuurt,3638604,2,0,1,1,1,1,0,0,0,1,0,0,1,0,0,0,0,1,1,1,DENK
233,Paramariboplein e.o.,3634300,1,0,2,1,1,2,1,1,1,1,1,1,2,1,1,1,1,1,0,1,D66
234,Postjeskade e.o.,3634301,1,0,2,1,1,1,1,1,1,0,1,0,1,0,1,1,1,1,0,1,D66
235,Andreasterrein,3638701,1,2,2,1,1,1,0,0,0,0,0,0,1,1,1,1,1,1,1,1,D66
236,Koningin Wilhelminaplein,3638700,1,1,2,1,1,1,1,1,1,1,1,1,1,1,1,1,1,1,0,1,D66
237,Delflandpleinbuurt Oost,3638702,1,0,2,1,1,1,0,0,0,0,0,1,1,0,1,0,0,1,0,1,D66
238,Schipluidenbuurt,3638705,2,2,2,1,1,1,0,1,0,0,1,0,2,0,1,0,1,1,0,1,D66
239,Delflandpleinbuurt West,3638703,1,0,2,1,1,1,1,1,1,1,1,1,1,1,1,0,1,1,0,1,D66
240,Riekerhaven,3638704,2,2,2,1,1,0,1,0,0,0,0,0,2,0,1,0,0,2,0,1,D66
241,Westlandgrachtbuurt,3634401,1,0,2,0,1,1,1,1,1,1,1,1,1,1,1,1,1,1,0,1,D66
242,Surinamepleinbuurt,3634400,1,0,2,0,1,1,1,0,1,1,1,0,1,1,1,1,2,1,0,1,D66
243,Legmeerpleinbuurt,3634404,1,0,2,0,1,2,1,1,1,1,1,0,1,1,1,1,2,1,0,1,D66
244,Aalsmeerwegbuurt Oost,3634403,1,0,2,0,1,1,1,1,1,1,1,1,1,1,1,1,1,1,0,1,D66
245,Aalsmeerwegbuurt West,3634402,1,0,2,0,1,2,1,1,1,1,1,1,2,1,1,1,2,1,0,1,D66
246,Bedrijventerrein Schinkel,3634405,2,1,2,0,1,0,1,1,0,0,1,0,2,1,1,1,2,1,0,1,D66
247,Bedrijvenpark Lutkemeer,3638002,2,1,2,1,1,0,0,0,0,0,0,0,1,1,1,1,0,1,1,0,DENK
248,Ookmeer,3638000,2,0,2,1,1,0,0,0,0,0,0,0,2,0,1,1,1,1,0,0,DENK
249,Osdorper Bovenpolder,3638001,2,0,2,1,1,0,0,0,0,0,0,0,0,1,1,1,1,1,1,0,DENK
250,De Aker Oost,3638402,2,0,1,1,1,1,1,1,1,1,1,1,1,1,1,1,0,1,1,0,VVD
251,De Aker West,3638401,2,0,1,1,1,1,1,0,1,0,1,1,0,1,1,1,0,1,1,0,VVD
252,Middelveldsche Akerpolder,3638400,2,0,1,1,1,1,1,1,1,0,0,1,0,0,1,1,0,1,1,0,VVD
253,Jacob Geelbuurt,3638502,2,0,1,1,1,1,0,1,1,1,1,1,1,0,1,0,0,1,1,1,GROENLINKS
254,Oostoever Sloterplas,3638500,2,0,1,1,1,1,1,0,1,1,1,0,0,1,1,1,1,1,1,1,GROENLINKS
255,Emanuel van Meterenbuurt,3638501,2,0,1,1,1,0,1,1,1,1,1,1,1,1,1,1,1,1,1,1,GROENLINKS
256,Jacques Veldmanbuurt,3638901,1,0,1,1,0,1,1,1,1,1,1,1,1,0,0,1,0,1,0,0,GROENLINKS
257,Louis Crispijnbuurt,3638900,2,0,1,1,0,1,1,1,1,1,1,1,1,0,0,1,0,1,0,0,GROENLINKS
258,Staalmanbuurt,3638902,2,1,1,1,0,1,1,1,1,0,1,1,1,1,0,1,0,1,1,0,GROENLINKS
259,Medisch Centrum Slotervaart,3638903,2,0,1,1,0,0,0,0,1,0,1,0,2,0,0,1,0,1,0,0,GROENLINKS
260,Buurt 3,3637600,2,0,2,2,1,1,1,1,1,1,1,1,1,0,0,0,0,1,1,1,DENK
261,Buurt 2,3637601,1,0,2,2,1,1,0,1,1,1,1,1,1,1,0,0,0,1,1,1,DENK
262,Buurt 4 Oost,3637702,2,0,2,2,1,1,0,1,1,1,0,1,1,0,0,0,0,1,1,2,DENK
263,Slotermeer Zuid,3637700,1,0,2,2,1,1,0,0,1,0,0,1,1,1,0,0,0,1,0,2,DENK
264,Noordoever Sloterplas,3637701,2,0,2,2,1,1,1,1,1,0,1,1,1,1,0,1,0,1,0,2,DENK
265,Buurt 5 Zuid,3637705,2,0,2,2,1,1,1,1,1,0,1,1,1,0,0,0,0,1,1,2,DENK
266,Buurt 5 Noord,3637703,2,0,2,2,1,1,1,1,1,0,1,1,1,0,0,0,0,1,1,2,DENK
267,Sloterpark,3637704,2,0,2,2,1,0,0,0,0,0,1,0,2,1,0,1,0,1,0,2,DENK
268,Nieuwe Meer,3638802,2,0,1,1,1,0,0,0,1,0,1,0,2,1,1,1,2,1,0,1,VVD
269,Riekerpolder,3638800,1,0,1,1,1,0,1,0,0,0,0,0,2,0,1,1,1,1,0,1,VVD
270,Sloterweg e.o.,3638803,2,0,1,1,1,0,0,0,0,0,0,0,1,1,1,1,1,1,1,1,VVD
271,Dorp Sloten,3638809,2,0,1,1,1,0,1,0,0,1,0,1,0,1,1,1,2,1,1,1,VVD
272,Nieuw Sloten Noordoost,3638805,2,0,1,1,1,1,1,0,1,0,1,1,0,1,1,1,0,1,1,1,VVD
273,Nieuw Sloten Zuidwest,3638807,2,0,1,1,1,1,1,0,1,0,0,0,1,1,1,1,1,1,1,1,VVD
274,Nieuw Sloten Zuidoost,3638808,2,0,1,1,1,1,1,0,1,0,1,1,1,1,1,1,1,1,1,1,VVD
275,Park Haagseweg,3638801,2,0,1,1,1,1,0,0,0,0,0,0,0,1,1,1,1,1,1,1,VVD
276,BelgiÃ«plein e.o.,3638806,2,0,1,1,1,1,0,1,1,0,0,0,0,0,1,1,1,1,0,1,VVD
277,Nieuw Sloten Noordwest,3638804,2,0,1,1,1,1,1,0,1,1,1,1,0,1,1,1,0,1,1,1,VVD
278,Buurt 9,3637803,2,1,2,2,1,1,1,1,1,1,0,1,1,1,0,1,0,1,1,1,DENK
279,Eendrachtspark,3637804,1,0,2,2,1,0,0,0,0,1,0,0,1,1,0,1,0,1,0,1,DENK
280,Buurt 8,3637802,1,1,2,2,1,1,0,1,1,1,0,1,1,1,0,0,0,1,1,1,DENK
281,Buurt 6,3637800,2,0,2,2,1,1,0,1,0,0,0,1,1,0,0,0,0,1,1,1,DENK
282,Buurt 7,3637801,2,0,2,2,1,1,0,0,0,0,0,1,1,0,0,1,0,1,1,1,DENK
283,Osdorper Binnenpolder,3637900,2,0,1,2,1,0,0,0,0,0,0,0,1,1,1,1,0,1,1,1,PVV
284,Buurt 10,3637901,2,0,1,2,1,1,0,0,0,0,0,1,0,0,1,1,0,1,1,1,PVV
285,Wildeman,3638100,2,0,1,1,1,1,1,1,1,1,0,1,1,0,0,0,0,1,1,1,DENK
286,Meer en Oever,3638101,2,1,1,1,1,1,1,1,1,0,1,1,1,1,0,1,0,1,0,1,DENK
287,Osdorpplein e.o.,3638102,2,0,1,1,1,1,1,2,1,1,0,1,1,1,0,0,0,1,1,1,DENK
288,Calandlaan/Lelylaan,3638103,2,0,1,1,1,0,0,0,0,0,0,0,1,0,0,0,0,1,0,1,DENK
289,Osdorp Zuidoost,3638104,2,0,1,1,1,1,1,1,1,1,1,1,1,1,0,0,1,1,0,1,DENK
290,Osdorp Midden Noord,3638200,2,0,1,2,1,1,0,0,1,1,0,1,1,0,0,0,0,1,1,1,DENK
291,Osdorp Midden Zuid,3638201,2,1,1,2,1,1,0,1,1,1,0,1,1,1,0,0,0,1,1,1,DENK
292,Zuidwestkwadrant Osdorp Zuid,3638203,1,2,1,2,1,1,1,1,1,1,1,1,1,1,0,1,0,1,1,1,DENK
293,Zuidwestkwadrant Osdorp Noord,3638202,2,2,1,2,1,1,0,1,1,0,0,1,1,0,0,1,0,1,1,1,DENK
294,Bedrijvencentrum Osdorp,3638301,2,0,1,2,1,0,1,1,0,1,0,1,2,0,0,0,0,2,0,1,DENK
295,De Punt,3638300,2,0,1,2,1,1,1,1,1,1,1,1,1,0,0,0,0,1,1,1,DENK
296,Vondelpark Oost,3634708,2,0,2,0,1,1,1,1,0,0,1,0,1,1,2,1,0,1,1,1,VVD
297,P.C. Hooftbuurt,3634701,2,0,2,0,1,1,1,1,1,1,1,1,1,0,2,1,2,1,0,1,VVD
298,Concertgebouwbuurt,3634702,2,0,2,0,1,1,1,1,1,1,1,1,1,0,2,1,2,1,0,1,VVD
299,Museumplein,3634707,2,0,2,0,1,1,0,0,0,1,0,0,2,0,2,1,2,2,0,1,VVD
300,Johannnes Vermeerbuurt,3634700,2,0,2,0,1,1,1,0,1,1,1,1,1,1,2,1,2,1,0,1,VVD
301,Duivelseiland,3634709,1,0,2,0,1,2,1,1,1,1,1,1,1,0,2,1,2,1,0,1,VVD
302,Hondecoeterbuurt,3634705,2,0,2,0,1,1,1,1,1,1,1,1,1,0,2,1,2,1,0,1,VVD
303,Cornelis Schuytbuurt,3634703,2,0,2,0,1,1,1,1,1,1,1,1,1,0,2,1,2,1,1,1,VVD
304,Banpleinbuurt,3634704,2,0,2,0,1,1,1,0,1,0,1,0,0,1,2,2,2,1,1,1,VVD
305,Harmoniehofbuurt,3634706,2,0,2,0,1,1,1,1,1,0,1,0,0,1,2,1,2,1,0,1,VVD
306,Frans Halsbuurt,3632402,1,0,2,1,1,1,1,1,1,1,1,1,2,1,1,1,2,1,0,1,D66
307,Gerard Doubuurt,3632401,1,0,2,1,1,1,1,1,1,1,1,1,2,1,1,1,1,1,0,1,D66
308,Hercules Seghersbuurt,3632403,1,0,2,1,1,2,1,1,1,1,1,1,2,0,1,1,1,1,0,1,D66
309,Sarphatiparkbuurt,3632404,1,0,2,1,1,1,2,2,2,2,2,2,2,0,1,1,1,1,0,1,D66
310,Hemonybuurt,3632400,1,0,2,1,1,1,1,1,1,1,1,1,2,1,1,1,2,1,0,1,D66
311,Cornelis Troostbuurt,3632503,1,0,2,1,1,2,1,1,1,1,1,1,2,1,1,1,1,1,0,1,D66
312,Lizzy Ansinghbuurt,3632502,1,0,2,1,1,1,1,1,1,1,1,1,2,0,1,1,1,1,0,1,D66
313,Van der Helstpleinbuurt,3632501,1,0,2,1,1,2,1,1,1,1,1,1,2,0,1,1,1,1,0,1,D66
314,Willibrordusbuurt,3632500,1,0,2,1,1,1,1,1,1,1,1,1,1,1,1,1,1,1,0,1,D66
315,Burgemeester Tellegenbuurt West,3632602,2,0,2,0,1,1,1,1,1,0,1,0,1,0,0,1,1,1,0,0,GROENLINKS
316,Burgemeester Tellegenbuurt Oost,3632601,2,0,2,0,1,2,1,1,1,1,1,1,1,0,0,1,1,1,0,0,GROENLINKS
317,Diamantbuurt,3632600,2,0,2,0,1,1,1,1,1,1,1,1,1,1,0,1,1,1,0,0,GROENLINKS
318,VU-kwartier,3632302,1,0,1,0,1,0,0,0,0,0,0,0,2,0,2,1,1,1,0,1,VVD
319,Zuidas Noord,3632300,1,2,1,0,1,0,2,1,1,1,0,1,2,0,2,1,1,1,0,1,VVD
320,RAI,3632301,2,2,1,0,1,1,0,1,1,0,0,0,1,0,2,1,1,1,0,1,VVD
321,Zuidas Zuid,3632303,1,2,1,0,1,1,1,1,1,1,1,1,1,0,2,1,1,1,0,1,VVD
322,Vivaldi,3632304,2,2,1,0,1,0,1,0,0,0,1,0,2,0,2,0,1,1,0,1,VVD
323,Willemsparkbuurt Noord,3634602,2,0,2,0,0,1,2,1,1,1,1,1,1,0,2,2,2,1,1,1,VVD
324,Valeriusbuurt Oost,3634600,2,0,2,0,0,1,1,0,1,0,1,0,1,1,2,1,2,1,1,1,VVD
325,Valeriusbuurt West,3634601,2,0,2,0,0,1,1,1,1,1,1,1,1,1,2,1,2,1,1,1,VVD
326,Vondelpark West,3634603,2,0,2,0,0,1,1,1,1,0,1,0,1,1,2,1,2,1,0,1,VVD
327,Schinkelbuurt Zuid,3634501,1,0,2,0,1,1,1,1,1,1,1,1,1,1,1,1,1,1,0,0,D66
328,Schinkelbuurt Noord,3634500,1,0,2,0,1,1,1,1,1,1,1,1,2,1,1,1,2,1,0,0,D66
329,Bertelmanpleinbuurt,3634800,2,0,2,0,1,1,0,1,1,0,0,0,1,1,1,1,1,1,0,1,VVD
330,Marathonbuurt Oost,3634801,2,0,2,0,1,1,1,1,1,0,1,0,1,1,1,1,1,1,0,1,VVD
331,Marathonbuurt West,3634802,2,0,2,0,1,1,1,1,1,1,1,1,1,0,1,1,1,1,0,1,VVD
332,Van Tuyllbuurt,3634805,1,0,2,0,1,1,1,1,1,1,1,1,1,0,1,1,2,1,0,1,VVD
333,Olympisch Stadion e.o.,3634803,1,2,2,0,1,1,1,1,1,1,1,1,1,1,1,1,1,1,1,1,VVD
334,IJsbaanpad e.o.,3634804,2,0,2,0,1,0,0,0,1,0,0,0,1,1,1,1,2,1,1,1,VVD
335,Prinses Irenebuurt,3635900,2,0,2,0,1,0,1,0,1,0,1,0,1,1,2,1,2,1,1,1,VVD
336,Beatrixpark,3635901,2,0,2,0,1,0,1,1,1,0,0,0,1,1,2,2,2,1,1,1,VVD
337,Diepenbrockbuurt,3634900,2,0,2,0,0,0,1,1,1,0,0,0,1,1,2,2,2,1,1,0,VVD
338,Beethovenbuurt,3634901,2,0,2,0,0,1,1,1,1,1,0,1,0,1,2,2,2,1,1,0,VVD
339,Minervabuurt Noord,3634903,2,0,2,0,0,1,1,0,1,1,1,0,1,0,2,1,2,1,1,0,VVD
340,Hiltonbuurt,3634902,2,0,2,0,0,0,0,0,0,0,0,0,1,1,2,1,2,1,1,0,VVD
341,Minervabuurt Midden,3634904,2,0,2,0,0,1,1,1,1,0,1,0,1,0,2,1,2,1,1,0,VVD
342,Minervabuurt Zuid,3634905,2,0,2,0,0,1,1,1,1,0,1,0,1,1,2,1,2,1,1,0,VVD
343,IJselbuurt Oost,3635301,1,0,2,1,1,1,1,1,1,1,1,1,1,1,1,1,1,1,0,1,D66
344,IJselbuurt West,3635300,1,0,2,1,1,1,1,1,1,1,1,1,1,1,1,1,1,1,0,1,D66
345,Scheldebuurt West,3635201,1,0,2,0,0,1,1,1,1,1,1,1,1,0,1,1,2,1,0,0,D66
346,Wielingenbuurt,3635200,1,0,2,0,0,1,1,1,1,1,1,1,1,1,1,1,2,1,0,0,D66
347,Scheldebuurt Oost,3635203,1,0,2,0,0,1,1,1,1,1,1,1,1,0,1,1,2,1,0,0,D66
348,Scheldebuurt Midden,3635202,1,0,2,0,0,1,1,1,1,1,1,1,1,0,1,1,2,1,0,0,D66
349,Veluwebuurt,3635206,2,0,2,0,0,1,1,0,1,0,0,0,1,0,1,1,1,1,0,0,D66
350,Kop Zuidas,3635207,1,2,2,0,0,0,0,0,0,0,0,0,1,0,1,1,2,1,0,0,D66
351,Rijnbuurt West,3635403,2,0,2,0,0,1,0,0,1,0,1,0,1,0,1,1,1,1,0,0,D66
352,Rijnbuurt Oost,3635401,1,0,2,0,0,1,1,1,1,1,1,1,1,1,1,1,1,1,0,0,D66
353,Rijnbuurt Midden,3635402,1,0,2,0,0,1,1,1,1,1,1,1,1,1,1,1,2,1,0,0,D66
354,Kromme Mijdrechtbuurt,3635400,1,0,2,0,0,1,1,1,1,1,1,1,1,1,1,1,1,1,0,0,D66
355,Zorgvlied,3635404,2,0,2,0,0,0,0,0,0,0,0,0,1,1,1,1,2,1,1,0,D66
356,Buitenveldert West Midden,3639008,2,0,2,1,0,0,1,0,1,0,0,0,0,1,1,1,2,1,0,0,VVD
357,Buitenveldert Zuidwest,3639003,2,0,2,1,0,1,1,1,1,1,1,1,0,1,1,1,1,1,0,0,VVD
358,Zuiderhof,3639009,2,0,2,1,0,0,1,0,0,0,0,0,2,1,1,1,1,1,0,0,VVD
359,Amsterdamse Bos,3639004,2,0,2,1,0,0,0,0,0,0,0,1,1,1,1,1,2,1,1,0,VVD
360,Buitenveldert Midden Zuid,3639002,1,0,2,1,0,1,1,1,1,1,1,1,1,1,1,1,1,1,0,0,VVD
361,Gelderlandpleinbuurt,3639000,2,0,2,1,0,1,1,1,1,1,1,1,1,0,1,1,1,1,0,0,VVD
362,Buitenveldert Zuidoost,3639102,2,0,2,1,0,1,1,1,1,1,1,1,1,0,1,1,1,1,0,1,VVD
363,Buitenveldert Oost Midden,3639101,2,0,2,1,0,1,1,1,1,1,1,1,1,0,1,1,1,1,0,1,VVD
364,De Klenckebuurt,3639100,2,0,2,1,0,1,1,0,0,0,0,0,0,1,1,1,1,1,0,1,VVD
365,Amstelpark,3639103,2,2,2,1,0,0,0,1,0,0,1,0,2,1,1,1,0,1,1,1,VVD
366,Steigereiland Noord,3633500,1,2,2,1,1,1,1,1,1,1,1,1,1,1,1,1,0,1,1,1,D66
367,Steigereiland Zuid,3633501,2,2,2,1,1,1,1,0,1,0,1,1,1,0,1,1,0,1,1,1,D66
368,Haveneiland Noordwest,3633504,1,2,2,1,1,1,1,1,1,1,1,1,1,0,1,1,1,1,1,1,D66
369,Haveneiland Zuidwest/Rieteiland West,3633502,2,2,2,1,1,1,1,0,1,0,1,0,1,1,1,1,1,1,1,1,D66
370,Haveneiland Noordoost,3633505,2,2,2,1,1,1,1,1,1,1,1,1,1,1,1,1,0,1,1,1,D66
371,Nieuwe Diep/Diemerpark,3633404,2,2,1,1,1,0,0,0,0,0,0,0,1,1,0,0,2,1,1,1,GROENLINKS
372,Zeeburgereiland Zuidoost,3633402,2,2,1,1,1,0,0,0,0,0,0,0,2,0,0,0,1,1,0,1,GROENLINKS
373,Zeeburgereiland Noordoost,3633406,2,2,1,1,1,0,0,0,0,0,0,0,2,0,0,0,1,1,0,1,GROENLINKS
374,Zeeburgereiland Zuidwest,3633403,2,2,1,1,1,0,0,0,0,0,0,0,2,1,0,0,2,1,0,1,GROENLINKS
375,Zeeburgereiland Noordwest,3633400,2,2,1,1,1,0,0,0,0,0,0,0,2,1,0,0,1,1,0,1,GROENLINKS
376,RI Oost terrein,3633405,1,2,1,1,1,1,1,0,1,0,1,0,2,0,0,0,1,1,0,1,GROENLINKS
377,Rieteiland Oost,3635100,2,2,2,1,1,0,0,0,0,1,0,0,1,0,1,1,1,1,2,1,D66
378,Haveneiland Noord,3635102,1,2,2,1,1,1,1,1,1,1,1,1,1,1,1,1,0,1,1,1,D66
379,Haveneiland Oost,3635101,2,2,2,1,1,1,1,1,1,0,1,1,1,1,1,1,0,1,1,1,D66
380,Oosterparkbuurt Noordwest,3632800,1,0,2,1,1,1,1,1,2,1,1,1,1,0,1,1,1,1,0,1,GROENLINKS
381,Oosterparkbuurt Zuidwest,3632803,1,0,2,1,1,2,1,1,1,1,1,1,1,0,1,1,0,1,0,1,GROENLINKS
382,Oosterpark,3632801,2,0,2,1,1,0,0,1,0,0,0,0,2,1,1,1,1,1,0,1,GROENLINKS
383,Oosterparkbuurt Zuidoost,3632802,1,0,2,1,1,2,1,1,2,1,1,1,1,0,1,1,1,1,0,1,GROENLINKS
384,Swammerdambuurt,3632700,1,0,2,0,1,1,1,1,1,1,1,1,2,1,1,1,2,1,0,1,GROENLINKS
385,Weesperzijde Midden/Zuid,3632701,1,0,2,0,1,1,1,1,1,1,2,1,1,1,1,1,1,1,0,1,GROENLINKS
386,Parooldriehoek,3632702,2,0,2,0,1,1,0,1,0,0,0,0,2,0,1,1,2,1,0,1,GROENLINKS
387,Transvaalbuurt West,3633000,1,0,2,1,1,2,1,1,1,1,1,1,1,0,0,1,0,1,0,1,GROENLINKS
388,Transvaalbuurt Oost,3633001,1,0,2,1,1,2,1,1,2,1,1,1,1,0,0,1,0,1,0,1,GROENLINKS
389,Dapperbuurt Noord,3632900,1,0,2,1,1,1,1,1,1,1,1,1,1,0,1,1,0,1,0,1,GROENLINKS
390,Dapperbuurt Zuid,3632901,1,0,2,1,1,1,1,1,1,1,1,1,1,0,1,1,0,1,0,1,GROENLINKS
391,Oostpoort,3632902,2,2,2,1,1,1,1,1,1,1,1,1,1,0,1,1,0,1,0,1,GROENLINKS
392,Noordwestkwadrant Indische buurt Noord,3633100,1,0,2,1,1,1,1,1,1,1,1,1,1,0,1,1,1,1,0,1,GROENLINKS
393,Noordwestkwadrant Indische buurt Zuid,3633101,1,0,2,1,1,2,1,1,1,1,1,1,1,0,1,1,0,1,0,1,GROENLINKS
394,Zuidwestkwadrant Indische buurt,3633102,2,0,2,1,1,2,1,1,1,1,1,1,1,0,1,1,0,1,1,1,GROENLINKS
395,Noordoostkwadrant Indische buurt,3633200,2,0,2,1,1,2,1,1,1,1,1,1,1,0,0,1,0,1,0,1,GROENLINKS
396,Zeeburgerdijk Oost,3633202,2,2,2,1,1,0,0,0,0,0,0,0,1,1,0,1,1,1,1,1,GROENLINKS
397,Zuidoostkwadrant Indische buurt,3633201,1,0,2,1,1,2,0,0,0,0,0,0,1,0,0,1,0,1,0,1,GROENLINKS
398,Flevopark,3633203,2,0,2,1,1,0,0,0,0,0,0,0,1,1,0,1,2,2,0,1,GROENLINKS
399,De Omval,3635807,2,0,1,1,1,1,1,0,0,0,0,0,1,1,1,1,2,1,0,1,D66
400,Amstelkwartier Noord,3635806,1,2,1,1,1,1,1,0,1,0,1,0,2,1,1,1,1,1,0,1,D66
401,Weespertrekvaart,3635801,2,2,1,1,1,0,1,0,1,1,1,0,2,1,1,0,0,1,0,1,D66
402,Amstelkwartier Zuid,3635808,2,2,1,1,1,0,1,0,0,0,1,0,1,1,1,0,1,1,0,1,D66
403,Amstelkwartier West,3635809,2,2,1,1,1,0,1,0,0,0,0,0,2,1,1,0,1,1,0,1,D66
404,Amstelglorie,3635804,2,0,1,1,1,0,0,1,0,0,0,0,2,1,1,1,2,1,1,1,D66
405,Overamstel,3635805,1,0,1,1,1,0,0,1,0,0,1,0,2,1,1,1,1,1,1,1,D66
406,Don Bosco,3635503,2,0,2,1,0,1,1,1,1,0,1,0,1,1,1,1,1,1,1,1,GROENLINKS
407,De Eenhoorn,3635501,1,1,2,1,0,1,1,0,1,0,1,1,2,0,1,1,1,1,0,1,GROENLINKS
408,Van der Kunbuurt,3635508,2,0,2,1,0,1,0,0,0,0,0,0,1,1,1,1,0,1,0,1,GROENLINKS
409,Frankendael,3635504,2,0,2,1,0,0,0,0,0,0,1,0,0,1,1,1,0,0,0,1,GROENLINKS
410,Tuindorp Frankendael,3635507,2,0,2,1,0,1,1,0,1,1,1,0,1,0,1,1,1,1,0,1,GROENLINKS
411,Julianapark,3635502,1,0,2,1,0,0,1,0,0,0,0,0,1,0,1,1,1,1,0,1,GROENLINKS
412,De Wetbuurt,3635506,2,0,2,1,0,1,1,0,1,0,1,0,1,0,1,1,1,1,0,1,GROENLINKS
413,Tuindorp Amstelstation,3635505,2,0,2,1,0,1,0,0,0,0,0,0,1,0,1,1,0,1,0,1,GROENLINKS
414,Drieburg,3635702,2,0,2,1,1,1,1,1,0,1,0,0,2,0,0,1,0,0,1,0,PVV
415,Nieuwe Oosterbegraafplaats,3635701,2,0,2,1,1,1,1,1,0,1,0,0,2,0,0,1,0,0,1,0,PVV
416,Betondorp,3635700,2,0,2,1,1,1,1,1,1,1,1,1,1,0,0,1,0,1,0,0,PVV
417,Linnaeusparkbuurt,3635600,2,0,2,0,0,1,1,1,1,1,1,1,1,0,1,1,2,1,1,0,GROENLINKS
418,Middenmeer Zuid,3635602,2,0,2,0,0,1,1,1,2,1,1,1,1,0,1,1,2,1,1,0,GROENLINKS
419,Sportpark Middenmeer Zuid,3635603,2,0,2,0,0,0,0,0,0,0,0,0,0,0,1,1,2,1,0,0,GROENLINKS
420,Park de Meer,3635605,2,2,2,0,0,1,0,0,0,0,0,0,1,0,1,1,1,1,1,0,GROENLINKS
421,Middenmeer Noord,3635601,2,0,2,0,0,1,1,1,1,1,1,0,1,0,1,1,1,1,1,0,GROENLINKS
422,Sportpark Middenmeer Noord,3635604,2,2,2,0,0,0,1,0,0,0,0,0,2,0,1,1,1,1,1,0,GROENLINKS
423,Sportpark Voorland,3635606,2,2,2,0,0,0,1,0,0,0,0,0,2,0,1,1,1,1,0,0,GROENLINKS
424,Science Park Zuid,3635608,2,2,2,0,0,0,1,0,0,0,0,0,2,1,1,1,2,1,0,0,GROENLINKS
425,Science Park Noord,3635607,2,2,2,0,0,1,1,0,1,0,1,0,2,0,1,1,2,1,0,0,GROENLINKS
426,Amstel III deel C/D Noord,3639202,1,2,2,1,1,0,1,1,0,1,1,0,2,1,1,0,2,1,0,1,GROENLINKS
427,Hoofdcentrum Zuidoost,3639200,1,2,2,1,1,0,1,1,0,1,0,1,2,0,1,0,1,2,0,1,GROENLINKS
428,Amstel III deel A/B Noord,3639201,1,2,2,1,1,0,2,1,1,1,1,1,2,0,1,0,1,2,0,1,GROENLINKS
429,Hoge Dijk,3639206,2,2,2,1,1,0,0,0,0,1,0,0,2,1,1,0,0,1,0,1,GROENLINKS
430,Amstel III deel A/B Zuid,3639203,2,2,2,1,1,0,1,0,0,0,0,0,2,1,1,0,0,0,0,1,GROENLINKS
431,Amstel III deel C/D Zuid,3639204,2,0,2,1,1,0,0,1,0,0,0,0,2,0,1,0,0,0,0,1,GROENLINKS
432,AMC,3639205,1,0,2,1,1,0,0,0,0,0,0,0,2,0,1,0,0,2,0,1,GROENLINKS
433,Amsterdamse Poort,3639304,2,0,1,2,1,0,0,2,1,1,0,1,2,0,0,0,0,1,0,2,Artikel 1
434,D-buurt,3639302,2,2,1,2,1,1,0,0,1,1,0,1,2,0,0,0,1,1,0,2,Artikel 1
435,F-buurt,3639303,2,2,1,2,1,1,1,1,1,1,1,1,1,0,0,1,0,1,1,2,Artikel 1
436,Venserpolder Oost,3639301,1,0,1,2,1,1,1,0,1,0,1,1,1,0,0,0,0,1,0,2,Artikel 1
437,Hoptille,3639305,2,0,1,2,1,1,0,0,1,0,0,0,2,0,0,0,0,1,0,2,Artikel 1
438,Nelson Mandelapark,3639310,2,0,1,2,1,1,0,0,0,1,1,0,2,1,0,0,0,1,1,2,Artikel 1
439,Hakfort/Huigenbos,3639307,2,0,1,2,1,1,0,0,1,1,1,0,2,1,0,0,0,1,1,2,Artikel 1
440,Rechte H-buurt,3639306,2,0,1,2,1,1,0,1,1,0,0,0,1,0,0,0,0,1,0,2,Artikel 1
441,Huntum,3639308,2,0,1,2,1,0,0,1,0,1,0,0,0,1,0,1,0,1,1,2,Artikel 1
442,Venserpolder West,3639300,2,0,1,2,1,1,1,1,1,1,1,1,1,0,0,0,0,1,0,2,Artikel 1
443,Vogeltjeswei,3639309,2,0,1,2,1,1,0,0,0,0,0,0,1,0,0,1,0,1,1,2,Artikel 1
444,E-buurt,3639400,2,2,2,2,1,1,1,0,1,0,0,1,1,0,0,1,0,1,1,2,Artikel 1
445,G-buurt West,3639401,2,0,2,2,1,1,1,1,1,1,1,1,1,0,0,0,0,1,1,2,Artikel 1
446,G-buurt Noord,3639412,2,0,2,2,1,1,0,0,1,0,0,0,2,0,0,0,0,1,0,2,Artikel 1
447,Bijlmermuseum Noord,3639402,2,0,2,2,1,1,0,1,1,0,0,0,1,1,0,0,0,1,0,2,Artikel 1
448,G-buurt Oost,3639409,2,0,2,2,1,0,1,0,1,0,1,0,1,1,0,0,1,1,0,2,Artikel 1
449,Kantershof,3639410,2,0,2,2,1,0,0,0,0,0,0,0,1,1,0,0,0,1,0,2,Artikel 1
450,Grunder/Koningshoef,3639408,2,2,2,2,1,1,0,0,1,0,0,0,1,1,0,1,0,1,1,2,Artikel 1
451,K-buurt Midden,3639405,2,1,2,2,1,1,0,1,1,1,0,1,2,0,0,0,0,1,0,2,Artikel 1
452,Bijlmermuseum Zuid,3639413,2,0,2,2,1,1,0,0,1,0,1,0,1,1,0,0,0,1,0,2,Artikel 1
453,K-buurt Zuidoost,3639406,2,2,2,2,1,1,0,0,0,0,0,0,1,1,0,1,0,1,1,2,Artikel 1
454,K-buurt Zuidwest,3639407,2,2,2,2,1,1,0,0,0,0,0,0,1,1,0,1,0,1,1,2,Artikel 1
455,Kelbergen,3639404,2,0,2,2,1,0,0,0,0,0,0,0,1,0,0,0,0,1,1,2,Artikel 1
456,Kortvoort,3639403,2,0,2,2,1,1,0,0,1,0,0,0,1,0,0,0,0,1,0,2,Artikel 1
457,Gooisekant,3639411,1,2,2,2,1,0,0,0,1,0,0,0,1,1,0,0,0,1,1,2,Artikel 1
458,Gaasperdam Noord,3639603,2,0,1,2,1,1,0,1,1,0,0,0,1,0,0,0,0,1,0,1,GROENLINKS
459,Holendrecht Oost,3639602,2,0,1,2,1,0,1,0,1,1,1,1,0,1,0,1,0,1,1,1,GROENLINKS
460,Reigersbos Noord,3639601,2,0,1,2,1,1,0,0,1,0,0,0,1,0,0,0,0,1,1,1,GROENLINKS
461,Holendrecht West,3639600,2,0,1,2,1,1,0,0,1,0,0,0,1,0,0,0,0,1,1,1,GROENLINKS
462,Gaasperdam Zuid,3639604,2,0,1,2,1,1,0,1,1,1,0,0,1,0,0,0,0,1,0,1,GROENLINKS
463,Reigersbos Midden,3639605,2,0,1,2,1,1,0,0,1,0,0,1,1,0,0,0,0,1,0,1,GROENLINKS
464,Reigersbos Zuid,3639606,2,0,1,2,1,0,0,0,1,0,0,0,1,1,0,1,0,1,1,1,GROENLINKS
465,Gein Noordwest,3639700,2,0,1,1,0,1,0,1,1,0,1,1,1,0,0,0,0,1,0,1,GROENLINKS
466,Gein Noordoost,3639702,2,0,1,1,0,0,1,0,1,1,1,0,0,0,0,1,0,1,1,1,GROENLINKS
467,Gein Zuidoost,3639703,2,0,1,1,0,0,1,0,1,0,0,1,1,1,0,0,0,1,1,1,GROENLINKS
468,Gein Zuidwest,3639701,2,0,1,1,0,1,0,0,1,0,0,0,1,0,0,0,0,1,1,1,GROENLINKS
469,L-buurt,3639500,2,0,1,1,0,0,1,0,1,1,1,0,1,1,1,0,1,1,0,1,GROENLINKS
470,Gaasperplas,3639502,2,0,1,1,0,0,0,0,0,0,0,0,1,1,1,1,1,1,1,1,GROENLINKS
471,Gaasperpark,3639501,2,0,1,1,0,0,0,0,0,0,0,0,0,1,1,1,0,0,1,1,GROENLINKS
472,Dorp Driemond,3639800,2,0,1,0,0,0,0,0,0,0,0,0,0,1,1,1,1,1,1,0,VVD
473,Landelijk gebied Driemond,3639801,2,1,1,0,0,0,0,0,0,0,0,0,1,1,1,1,2,1,2,0,VVD
